{
  "dependencies": {
    "storage1": {
      "serviceConnectorResourceId": "/subscriptions/[parameters('subscriptionId')]/resourceGroups/[parameters('resourceGroupName')]/providers/Microsoft.Web/sites/uploadappweb-azure/providers/Microsoft.ServiceLinker/linkers/ConnectionStringsStorageAccount_9773552FD6, /subscriptions/27390167-0ce2-46c8-98d3-3ecae1e2831a/resourceGroups/Uploadapp-blobstorage/providers/Microsoft.Web/sites/uploadappweb-azure/providers/Microsoft.ServiceLinker/linkers/ConnectionStringsStorageAccount_2613AEF5B3",
      "secretStore": "AzureAppSettings",
      "resourceId": "/subscriptions/[parameters('subscriptionId')]/resourceGroups/[parameters('resourceGroupName')]/providers/Microsoft.Storage/storageAccounts/blobstorageapp",
      "type": "storage.azure",
      "connectionId": "ConnectionStrings:StorageAccount",
      "dynamicId": null
    },
    "mssql1": {
      "serviceConnectorResourceId": "/subscriptions/[parameters('subscriptionId')]/resourceGroups/[parameters('resourceGroupName')]/providers/Microsoft.Web/sites/uploadappweb-azure/providers/Microsoft.ServiceLinker/linkers/ConnectionStringsProductosDB_82FE438107",
      "secretStore": "AzureAppSettings",
      "resourceId": "/subscriptions/[parameters('subscriptionId')]/resourceGroups/[parameters('resourceGroupName')]/providers/Microsoft.Sql/servers/azureserverjessy/databases/azuredatabase-jessy",
      "type": "mssql.azure",
      "connectionId": "ConnectionStrings:ProductosDB",
      "dynamicId": null
    }
  }
}